epoch,log_mu,mu,grad_log_mu,data_loss,phys_loss,lambda_phys
0,-9.21034049987793,9.99999901978299e-05,6.756883408343128e-07,0.9249346256256104,0.001213465933687985,0.1
25,-9.236722946166992,9.739623783389106e-05,3.353974761921563e-06,0.8155900835990906,0.01182904839515686,0.1816666666666667
50,-9.266119003295898,9.457484702579677e-05,5.335621153790271e-06,0.7576795220375061,0.0346108041703701,0.26333333333333336
75,-9.29909610748291,9.150690311798826e-05,7.492653821827844e-06,0.7410575747489929,0.045060090720653534,0.345
100,-9.33447551727295,8.832605089992285e-05,9.35360094445059e-06,0.7267639636993408,0.04703546315431595,0.42666666666666675
125,-9.370818138122559,8.517367677995935e-05,1.1213448487978894e-05,0.7109139561653137,0.05271458625793457,0.5083333333333333
150,-9.407548904418945,8.210194937419146e-05,1.25311180454446e-05,0.6928675174713135,0.05741237848997116,0.59
175,-9.443706512451172,7.918635674286634e-05,1.3382232282310724e-05,0.6625634431838989,0.0649377629160881,0.6716666666666667
200,-9.478676795959473,7.646504673175514e-05,1.3573576325143222e-05,0.6029196977615356,0.08362746238708496,0.7533333333333334
225,-9.511280059814453,7.401224138448015e-05,1.1997693036391865e-05,0.5039623975753784,0.13846011459827423,0.835
250,-9.539382934570312,7.196123624453321e-05,1.118621639761841e-05,0.4697655439376831,0.16839134693145752,0.9166666666666666
275,-9.566655158996582,7.002521306276321e-05,1.2611091733560897e-05,0.4927617907524109,0.14236411452293396,0.9983333333333333
300,-9.595556259155273,6.803037103964016e-05,1.3314581337908749e-05,0.5046974420547485,0.13023756444454193,1.08
325,-9.625370979309082,6.603200745303184e-05,1.4061544789001346e-05,0.5170334577560425,0.11867012083530426,1.1616666666666668
350,-9.655806541442871,6.40525613562204e-05,1.4711029507452622e-05,0.5283074378967285,0.10886064916849136,1.2433333333333336
375,-9.686583518981934,6.211124127730727e-05,1.52726915985113e-05,0.5386195182800293,0.10050275176763535,1.3250000000000002
400,-9.71747875213623,6.022164598107338e-05,1.5755402273498476e-05,0.5481886863708496,0.09322956949472427,1.406666666666667
425,-9.748319625854492,5.839270306751132e-05,1.6163450709427707e-05,0.5570970177650452,0.08684201538562775,1.4883333333333335
450,-9.778966903686523,5.663027332047932e-05,1.6510522982571274e-05,0.5654059648513794,0.08120036125183105,1.57
475,-9.809329986572266,5.493664139066823e-05,1.680773129919544e-05,0.5731752514839172,0.0761929303407669,1.6516666666666668
500,-9.839346885681152,5.331212014425546e-05,1.7062337064999156e-05,0.5804643034934998,0.07172662764787674,1.7333333333333334
525,-9.868973731994629,5.1755818276433274e-05,1.7280039173783734e-05,0.5873384475708008,0.06771740317344666,1.8150000000000002
550,-9.898183822631836,5.026589133194648e-05,1.746562702464871e-05,0.5938630700111389,0.0640905499458313,1.8966666666666667
575,-9.926958084106445,4.884013833361678e-05,1.762281135597732e-05,0.6000896692276001,0.06078587472438812,1.9783333333333335
600,-9.955276489257812,4.747646380565129e-05,1.775476812326815e-05,0.6060506105422974,0.057758402079343796,2.06
625,-9.983133316040039,4.617216836777516e-05,1.7864222172647715e-05,0.6117630004882812,0.05497496575117111,2.1416666666666666
650,-10.010519981384277,4.492482912610285e-05,1.795377829694189e-05,0.6172356009483337,0.052410274744033813,2.2233333333333336
675,-10.037432670593262,4.373190313344821e-05,1.802564293029718e-05,0.6224750876426697,0.05004330724477768,2.3050000000000006
700,-10.063868522644043,4.259096021996811e-05,1.80817223736085e-05,0.6274892687797546,0.047855593264102936,2.386666666666667
725,-10.089827537536621,4.1499566577840596e-05,1.8123544577974826e-05,0.6322874426841736,0.04583033174276352,2.4683333333333337
750,-10.115313529968262,4.04552738473285e-05,1.8152455595554784e-05,0.6368802189826965,0.04395243898034096,2.5500000000000003
775,-10.140323638916016,3.9456033846363425e-05,1.8170081602875143e-05,0.6412783861160278,0.04220891371369362,2.6316666666666673
800,-10.164860725402832,3.849967470159754e-05,1.817837437556591e-05,0.6454906463623047,0.040589381009340286,2.713333333333334
825,-10.18892765045166,3.758416642085649e-05,1.8179927792516537e-05,0.6495259404182434,0.039085689932107925,2.7950000000000004
850,-10.212530136108398,3.670747537398711e-05,1.817763586586807e-05,0.6533963084220886,0.03768988326191902,2.876666666666667
875,-10.235677719116211,3.586754246498458e-05,1.8173108401242644e-05,0.6571230292320251,0.03639041259884834,2.9583333333333335
900,-10.258376121520996,3.5062581446254626e-05,1.8165808796766214e-05,0.6607317328453064,0.03517253324389458,3.04
925,-10.280631065368652,3.429088246775791e-05,1.815411087591201e-05,0.6642391681671143,0.034023966640233994,3.1216666666666666
950,-10.302446365356445,3.3550917578395456e-05,1.81369196070591e-05,0.6676530838012695,0.032936614006757736,3.2033333333333336
975,-10.323824882507324,3.284126069047488e-05,1.8114089471055195e-05,0.6709740161895752,0.03190600126981735,3.285
1000,-10.344765663146973,3.216068944311701e-05,1.80863389687147e-05,0.6742024421691895,0.030928825959563255,3.3666666666666667
1025,-10.36527156829834,3.150791962980293e-05,1.805459578463342e-05,0.6773394346237183,0.030002010986208916,3.4483333333333333
1050,-10.385344505310059,3.088176890742034e-05,1.80198039743118e-05,0.6803876161575317,0.029122473672032356,3.5300000000000002
1075,-10.404988288879395,3.0281054932856932e-05,1.7982798453886062e-05,0.6833500266075134,0.028287209570407867,3.611666666666667
1100,-10.424205780029297,2.9704686312470585e-05,1.794422132661566e-05,0.686230480670929,0.027493147179484367,3.6933333333333334
1125,-10.443000793457031,2.9151600756449625e-05,1.7904620108311065e-05,0.6890324950218201,0.026737576350569725,3.775
1150,-10.461376190185547,2.8620819648494944e-05,1.7864371329778805e-05,0.6917600035667419,0.02601783163845539,3.856666666666667
1175,-10.479338645935059,2.8111307983635925e-05,1.782380059012212e-05,0.6944156289100647,0.025331616401672363,3.9383333333333335
1200,-10.4968900680542,2.762221993179992e-05,1.778319892764557e-05,0.6970033645629883,0.02467668615281582,4.02
1225,-10.51403522491455,2.71526714641368e-05,1.7742786440066993e-05,0.6995254755020142,0.024051137268543243,4.101666666666667
1250,-10.530779838562012,2.6701794922701083e-05,1.770276685419958e-05,0.701984167098999,0.023453278467059135,4.183333333333333
1275,-10.547127723693848,2.6268822693964466e-05,1.7663360267761163e-05,0.7043818235397339,0.022881554439663887,4.265
1300,-10.563077926635742,2.5853156330413185e-05,1.7624870451982133e-05,0.7067201733589172,0.02233453094959259,4.346666666666667
1325,-10.578636169433594,2.5454039132455364e-05,1.7587462934898213e-05,0.7090024352073669,0.02181059867143631,4.428333333333334
1350,-10.5938081741333,2.5070765332202427e-05,1.7551294149598107e-05,0.7112308144569397,0.021308396011590958,4.510000000000001
1375,-10.608596801757812,2.4702731025172397e-05,1.7516586012789048e-05,0.7134077548980713,0.020826613530516624,4.591666666666667
1400,-10.623006820678711,2.4349315935978666e-05,1.7483464034739882e-05,0.7155358791351318,0.020363949239253998,4.673333333333334
1425,-10.637042045593262,2.400995435891673e-05,1.745205736369826e-05,0.7176170349121094,0.019919365644454956,4.755
1450,-10.65070629119873,2.3684109692112543e-05,1.7422438759240322e-05,0.719654381275177,0.01949157938361168,4.836666666666667
1475,-10.664002418518066,2.3371285351458937e-05,1.739473555062432e-05,0.7216484546661377,0.0190799031406641,4.918333333333334
1500,-10.676936149597168,2.3070955649018288e-05,1.7368991393595934e-05,0.7236019372940063,0.018683286383748055,5.0
1525,-10.689476013183594,2.2783455278840847e-05,1.715023063297849e-05,0.7235915660858154,0.018682846799492836,5.0
1550,-10.701545715332031,2.2510117560159415e-05,1.6943011360126548e-05,0.723585844039917,0.018681539222598076,5.0
1575,-10.713150024414062,2.225041316705756e-05,1.6746293113101274e-05,0.7235726118087769,0.01868177391588688,5.0
1600,-10.7243070602417,2.2003543563187122e-05,1.655925552768167e-05,0.7235552072525024,0.018682872876524925,5.0
1625,-10.73503303527832,2.1768795704701915e-05,1.6381562090828083e-05,0.7235382795333862,0.01868395321071148,5.0
1650,-10.745345115661621,2.154546746169217e-05,1.6212572518270463e-05,0.7235214114189148,0.01868503913283348,5.0
1675,-10.755258560180664,2.133293128281366e-05,1.605181569175329e-05,0.7235047817230225,0.01868619956076145,5.0
1700,-10.764786720275879,2.1130634195287712e-05,1.5898864148766734e-05,0.7234881520271301,0.018687337636947632,5.0
1725,-10.773941993713379,2.0938059606123716e-05,1.5753319530631416e-05,0.7234719395637512,0.018688486889004707,5.0
1750,-10.782734870910645,2.0754761862917803e-05,1.5614843505318277e-05,0.7234561443328857,0.018689638003706932,5.0
1775,-10.791178703308105,2.058025165752042e-05,1.5483050447073765e-05,0.7234407067298889,0.018690742552280426,5.0
1800,-10.799283027648926,2.0414134269231e-05,1.535765295557212e-05,0.7234255075454712,0.018691884353756905,5.0
1825,-10.807058334350586,2.0256024072295986e-05,1.5238341802614741e-05,0.7234108448028564,0.018692979589104652,5.0
1850,-10.814510345458984,2.010563730436843e-05,1.5124895071494393e-05,0.7233964204788208,0.018694082275032997,5.0
1875,-10.82165241241455,1.9962553778896108e-05,1.5016979887150228e-05,0.7233827114105225,0.01869514212012291,5.0
1900,-10.828489303588867,1.982653520826716e-05,1.4914427083567716e-05,0.7233695387840271,0.018696170300245285,5.0
1925,-10.835031509399414,1.9697250536410138e-05,1.4816960174357519e-05,0.7233570218086243,0.018697155639529228,5.0
1950,-10.841287612915039,1.9574406906031072e-05,1.4724349966854788e-05,0.7233449220657349,0.01869811862707138,5.0
1975,-10.84726333618164,1.9457784219412133e-05,1.4636453670391347e-05,0.7233332395553589,0.01869906671345234,5.0
2000,-10.852967262268066,1.9347115085111e-05,1.4553024811903015e-05,0.7233224511146545,0.01869993843138218,5.0
2025,-10.858405113220215,1.924219395732507e-05,1.4473936971626244e-05,0.7233118414878845,0.018700813874602318,5.0
2050,-10.8635835647583,1.914280619530473e-05,1.4399010069610085e-05,0.7233020663261414,0.018701627850532532,5.0
2075,-10.868510246276855,1.9048728063353337e-05,1.4328087672765832e-05,0.7232924699783325,0.018702443689107895,5.0
2100,-10.873189926147461,1.8959794033435173e-05,1.4261024261941202e-05,0.7232838869094849,0.01870317943394184,5.0
2125,-10.877630233764648,1.887579492176883e-05,1.4197679774952121e-05,0.7232754826545715,0.018703889101743698,5.0
2150,-10.881837844848633,1.879653791547753e-05,1.4137902326183394e-05,0.7232677936553955,0.018704552203416824,5.0
2175,-10.885817527770996,1.87218829523772e-05,1.408158914273372e-05,0.723260223865509,0.018705220893025398,5.0
2200,-10.889575958251953,1.865164995251689e-05,1.402859743393492e-05,0.7232534289360046,0.018705788999795914,5.0
2225,-10.893120765686035,1.8585649740998633e-05,1.3978808055981062e-05,0.7232468724250793,0.018706390634179115,5.0
2250,-10.896455764770508,1.8523769540479407e-05,1.393210459355032e-05,0.723240852355957,0.018706925213336945,5.0
2275,-10.89958667755127,1.8465863831806928e-05,1.388840246363543e-05,0.7232352495193481,0.018707435578107834,5.0
2300,-10.902521133422852,1.8411756173009053e-05,1.3847560694557615e-05,0.7232298851013184,0.01870790868997574,5.0
2325,-10.905265808105469,1.836129194998648e-05,1.3809461961500347e-05,0.7232251763343811,0.018708355724811554,5.0
2350,-10.907824516296387,1.8314371118322015e-05,1.3774044418823905e-05,0.723220705986023,0.018708759918808937,5.0
2375,-10.91020393371582,1.8270844520884566e-05,1.374117437080713e-05,0.7232162952423096,0.018709175288677216,5.0
2400,-10.912410736083984,1.8230570276500657e-05,1.3710761777474545e-05,0.7232123613357544,0.018709545955061913,5.0
2425,-10.914450645446777,1.8193419236922637e-05,1.3682705684914254e-05,0.7232086658477783,0.018709881231188774,5.0
2450,-10.916329383850098,1.815927134884987e-05,1.3656912415171973e-05,0.7232053279876709,0.018710194155573845,5.0
2475,-10.918054580688477,1.812796836020425e-05,1.3633265552925877e-05,0.7232023477554321,0.01871049962937832,5.0
2500,-10.919631004333496,1.8099413864547387e-05,1.3611701433546841e-05,0.7231994271278381,0.018710769712924957,5.0
2525,-10.921063423156738,1.8073505998472683e-05,1.3592123650596477e-05,0.7231968641281128,0.018711015582084656,5.0
2550,-10.922359466552734,1.805009742383845e-05,1.3574434888141695e-05,0.7231945991516113,0.01871122419834137,5.0
2575,-10.923526763916016,1.80290389835136e-05,1.3558521459344774e-05,0.7231924533843994,0.01871143840253353,5.0
2600,-10.92457103729248,1.801022153813392e-05,1.3544305147661362e-05,0.7231904864311218,0.018711626529693604,5.0
2625,-10.925498962402344,1.7993517758441158e-05,1.3531675904232543e-05,0.7231888175010681,0.018711788579821587,5.0
2650,-10.926316261291504,1.7978818505071104e-05,1.3520570064429194e-05,0.7231873273849487,0.018711932003498077,5.0
2675,-10.927029609680176,1.7965998267754912e-05,1.3510882126865909e-05,0.7231859564781189,0.01871207170188427,5.0
2700,-10.927647590637207,1.7954898794414476e-05,1.350248567177914e-05,0.7231848835945129,0.01871216483414173,5.0
2725,-10.928175926208496,1.7945414583664387e-05,1.3495315215550363e-05,0.7231838703155518,0.01871226169168949,5.0
2750,-10.928621292114258,1.793742376321461e-05,1.348927617073059e-05,0.7231831550598145,0.018712345510721207,5.0
2775,-10.928991317749023,1.7930788089870475e-05,1.3484256669471506e-05,0.7231824398040771,0.018712418153882027,5.0
2800,-10.929293632507324,1.7925369320437312e-05,1.3480166671797633e-05,0.7231816649436951,0.018712498247623444,5.0
2825,-10.929533958435059,1.7921060134540312e-05,1.3476899766828865e-05,0.7231813669204712,0.018712524324655533,5.0
2850,-10.92972183227539,1.791769318515435e-05,1.3474355000653304e-05,0.723180890083313,0.018712570890784264,5.0
2875,-10.929862022399902,1.7915182979777455e-05,1.3472460523189511e-05,0.7231805920600891,0.018712608143687248,5.0
2900,-10.92996597290039,1.7913320334628224e-05,1.3471047168422956e-05,0.72318035364151,0.01871263049542904,5.0
2925,-10.930038452148438,1.7912021576194093e-05,1.347006946161855e-05,0.7231802344322205,0.018712645396590233,5.0
2950,-10.930086135864258,1.791116847016383e-05,1.3469424629874993e-05,0.7231801152229309,0.01871264912188053,5.0
2975,-10.93011474609375,1.7910653696162626e-05,1.3469027180690318e-05,0.7231801152229309,0.01871265284717083,5.0
