material,N_actual,N_label,noise_tier,noise_std,true_mu_wols,true_mu_stderr,nist_mu_mm,mu_discrepancy_pct,pinn_rpe_mean,pinn_rpe_median,pinn_rpe_std,pinn_rpe_ci_lo,pinn_rpe_ci_hi,pinn_outliers,wnlls_rpe_mean,wnlls_rpe_median,wnlls_rpe_std,wnlls_rpe_ci_lo,wnlls_rpe_ci_hi,wnlls_failures,wnlls_outliers,gp_rpe_mean,gp_rpe_median,gp_rpe_std,gp_rpe_ci_lo,gp_rpe_ci_hi,gp_outliers,pval_wnlls_vs_pinn_penalty,pval_gp_vs_pinn_penalty,pval_wnlls_vs_gp_penalty,n_penalty_wnlls_vs_pinn,pval_wnlls_vs_pinn_conditional,pval_gp_vs_pinn_conditional,pval_wnlls_vs_gp_conditional,qval_wnlls_vs_pinn_penalty,qval_gp_vs_pinn_penalty,qval_wnlls_vs_gp_penalty
Aluminum,5,5,0,0.0,0.016859746645837545,9.004573992669051e-05,0.020196000000000002,-16.51937687741363,0.4767657862219859,0.4727009016601357,0.02045996834227985,0.47057970804931326,0.47369521116520863,0,0.6555770968657613,0.655577096865761,2.220446049250313e-16,0.655577096865761,0.655577096865761,0,0,1.4114911574758602,1.4114911401695254,9.046527475949861e-08,1.4114911401695254,1.4114911401695254,0,0.9999991333466779,1.0,3.02480667465861e-07,0,0.9999991333466779,1.0,3.02480667465861e-07,0.9999991333466779,1.0,3.7810083433232627e-06
Aluminum,5,5,1,0.0316,0.016859746645837545,9.004573992669051e-05,0.020196000000000002,-16.51937687741363,4.218641680212915,4.180933370289522,2.6224854844581986,2.991545864262915,4.86314569354518,0,3.749073042507196,3.441346412698163,2.110454036027792,2.6450031338400475,4.887740363021292,0,0,3.9404511616368847,3.4609316807850794,2.0668729981510285,2.920011711275617,4.10664924397358,0,0.08209204114973545,0.21397730335593224,0.2579242214560509,0,0.08209204114973545,0.21397730335593224,0.2579242214560509,0.2565376285929233,0.42795460671186447,0.7535110253633724
Aluminum,5,5,2,0.1,0.016859746645837545,9.004573992669051e-05,0.020196000000000002,-16.51937687741363,11.071656480780463,11.066262182725321,9.26240675855846,4.254447229251467,14.057862647398439,0,10.051824017825423,6.844527349265624,8.643378640878916,4.547463839803426,12.124055876284235,0,0,10.716201950466932,7.793337723954396,9.215652689389714,4.628806708637808,12.15836735938991,0,0.2918785363435745,0.5161632113158703,0.10646642651408911,0,0.2918785363435745,0.5161632113158703,0.10646642651408911,0.7296963408589363,0.7590635460527504,0.40948625582341963
Aluminum,5,5,3,0.3162,0.016859746645837545,9.004573992669051e-05,0.020196000000000002,-16.51937687741363,31.82551110652936,23.47881199435753,25.776779183169264,17.026037353357186,35.01467433301964,0,26.99715038579105,24.98930307843908,23.76214111558386,8.683914764980557,34.290454664611815,0,0,38.217226335245364,25.77714269769725,33.5212541330625,18.141152231586805,45.453567706689206,0,0.054716029204428196,0.9579672608524561,0.00496575515717268,0,0.054716029204428196,0.9579672608524561,0.00496575515717268,0.19541439001581495,1.0,0.02257161435078491
Aluminum,5,5,4,0.5623,0.016859746645837545,9.004573992669051e-05,0.020196000000000002,-16.51937687741363,55.791137371941836,28.111792248310145,54.744243046473365,17.63603951778872,67.83458274922322,0,68.22907010762232,42.54074044382382,66.95575153456375,29.05104595953239,83.96074487295192,4,2,67.87196743319777,75.23515296634844,39.76032433576017,47.608137648712315,99.66326905178695,0,0.9711560355499387,0.8857235889881849,0.830629107542336,4,0.809903085231781,0.8857235889881849,0.4014003723859787,0.9999991333466779,1.0,0.9999991517236909
Aluminum,13,ALL,0,0.0,0.016859746645837545,9.004573992669051e-05,0.020196000000000002,-16.51937687741363,0.37428046422021527,0.36911594699831024,0.046088582376808816,0.35537238006152366,0.3960672585274829,0,0.0,0.0,0.0,0.0,0.0,0,0,0.5803239192399177,0.5803238273069937,2.518930868991915e-07,0.5803238133140265,0.5803238811830156,0,9.313225746154785e-10,1.0,7.224196859114927e-07,0,9.313225746154785e-10,1.0,7.224196859114927e-07,9.313225746154785e-09,1.0,4.8147406783308504e-06
Aluminum,13,ALL,1,0.0316,0.016859746645837545,9.004573992669051e-05,0.020196000000000002,-16.51937687741363,3.2565428741572213,2.5088755258570643,2.055383636635563,2.0643031743138494,4.344043681648305,0,2.2937798880637152,2.160070618120971,1.557342376431923,1.5807185302991869,2.9403901150057963,0,0,2.2480419351114023,2.1523544619879837,1.5263127186623662,1.4544220978210936,2.781043493028443,0,0.009830407798290253,0.009264740161597729,0.6868268558755517,0,0.009830407798290253,0.009264740161597729,0.6868268558755517,0.04096003249287605,0.046323700807988644,0.9999991517236909
Aluminum,13,ALL,2,0.1,0.016859746645837545,9.004573992669051e-05,0.020196000000000002,-16.51937687741363,12.49805815225553,10.936603584257057,7.327048801726755,8.12720353443338,14.350938774996292,0,6.185279871083192,4.646431436380563,5.325532204394738,2.5380183384605646,7.941195374530231,0,0,6.489072929204989,4.464825821932777,5.248009875552842,2.8714078349195438,8.155594291501894,0,1.183338463306427e-05,5.529075860977173e-05,0.2645525922998786,0,1.183338463306427e-05,5.529075860977173e-05,0.2645525922998786,6.574102573924595e-05,0.00039493399006979805,0.7535110253633724
Aluminum,13,ALL,3,0.3162,0.016859746645837545,9.004573992669051e-05,0.020196000000000002,-16.51937687741363,34.87090578246231,27.743135427479253,24.6878866396069,16.969807872831822,50.243625482042184,0,24.67955831959266,23.34568791167401,18.444256293120198,10.806505522765253,34.868237947653455,0,0,26.105576062140326,23.40506290287494,17.797137478549047,12.99004489641705,34.21820140555842,0,0.036622037179768085,0.07594345975667238,0.1853703036904335,0,0.036622037179768085,0.07594345975667238,0.1853703036904335,0.14085398915295416,0.21095405487964553,0.617901012301445
Aluminum,13,ALL,4,0.5623,0.016859746645837545,9.004573992669051e-05,0.020196000000000002,-16.51937687741363,49.978475075358226,44.37208847803036,37.15177012829113,24.0433981421698,65.03634988296858,0,50.45219450836981,46.447670185138335,38.27633406343912,26.28505799616145,62.56261405928541,0,0,47.750349862563006,47.64332639589929,29.568470964289357,34.80785389593352,60.91330454641326,0,0.6348290015012026,0.5882115280255675,0.5242367628961802,0,0.6348290015012026,0.5882115280255675,0.5242367628961802,0.9999991333466779,0.794880443277794,0.9999991517236909
Copper,5,5,0,0.0,0.04794004064066532,0.00018166316416090697,0.0513408,-6.623892419546785,0.2909658810041888,0.26712399150086164,0.12312606950246871,0.26488854724113986,0.27005355606474485,0,0.012324497134537753,0.012324497134537751,1.734723475976807e-18,0.012324497134537751,0.012324497134537751,0,0,0.16674203990983977,0.16674204977446738,1.199551227703487e-07,0.1667420231465613,0.1667420666522993,0,9.313225746154785e-10,9.313225746154785e-10,8.650185646450623e-07,0,9.313225746154785e-10,9.313225746154785e-10,8.650185646450623e-07,9.313225746154785e-09,1.1641532182693481e-08,4.8147406783308504e-06
Copper,5,5,1,0.0316,0.04794004064066532,0.00018166316416090697,0.0513408,-6.623892419546785,2.3810299783467745,2.0792306302849237,1.425623670277285,1.569986286843815,2.441070707565931,0,2.568120594394877,2.5128881812679196,1.6192002498454485,1.7863579789120174,3.344309901367157,0,0,2.094647263285298,1.7284351453594025,1.6195074532182998,1.3410880698069152,2.3952031841440284,0,0.6649097055196762,0.15919804014265537,0.9775463957339525,0,0.6649097055196762,0.15919804014265537,0.9775463957339525,0.9999991333466779,0.331662583630532,0.9999991517236909
Copper,5,5,2,0.1,0.04794004064066532,0.00018166316416090697,0.0513408,-6.623892419546785,10.603000565486745,9.027681118790671,6.614822260582333,7.926767074212762,12.011327387481316,0,9.976339805637569,8.179306227850343,6.530920202024125,5.855180458696756,13.844795972884388,0,0,9.535242311702582,8.186963646864864,6.703553301244591,6.354405792209533,10.541221682736118,0,0.2385532408952713,0.11032337881624699,0.619467263109982,0,0.2385532408952713,0.11032337881624699,0.619467263109982,0.6277716865665034,0.26267471146725474,0.9999991517236909
Copper,5,5,3,0.3162,0.04794004064066532,0.00018166316416090697,0.0513408,-6.623892419546785,21.626616976713695,16.75060652713634,17.25613221890098,12.259124256434607,20.289760091584245,0,23.47996613885816,19.618322718707404,16.751372740521212,15.468776750373985,25.204229584846825,0,0,22.96050576497693,17.90411220900096,21.551050200115654,7.063190900000303,26.248844281518362,0,0.7919350508600473,0.532300665974617,0.49191679060459137,0,0.7919350508600473,0.532300665974617,0.49191679060459137,0.9999991333466779,0.7604295228208815,0.9999991517236909
Copper,5,5,4,0.5623,0.04794004064066532,0.00018166316416090697,0.0513408,-6.623892419546785,48.344243786654744,43.8355045235045,39.599486684036215,21.600555057743,62.951634737808696,0,49.60467790688401,40.21708962700316,41.83231127424218,15.990453083178252,64.45313032822136,4,0,57.83339891628178,46.317794185246015,46.05371892771312,28.766625028109303,71.14406251252592,0,0.9947008695453405,0.9270002543926239,0.9519492136314511,4,0.950332522392273,0.9270002543926239,0.7258621603250504,0.9999991333466779,1.0,0.9999991517236909
Copper,6,ALL,0,0.0,0.04794004064066532,0.00018166316416090697,0.0513408,-6.623892419546785,0.29339837798203383,0.28543571270720325,0.04858842626082686,0.2822069751043028,0.2881127286017862,0,0.0,0.0,0.0,0.0,0.0,0,0,0.13696195669914993,0.13696192255310147,1.330846272255682e-07,0.1369619147524901,0.13696193845729623,0,8.66653322099553e-07,9.313225746154785e-10,9.313225746154785e-10,0,8.66653322099553e-07,9.313225746154785e-10,9.313225746154785e-10,5.4165832631222064e-06,1.1641532182693481e-08,2.3283064365386963e-08
Copper,6,ALL,1,0.0316,0.04794004064066532,0.00018166316416090697,0.0513408,-6.623892419546785,2.487847269292149,1.8607902514968693,2.130961832011221,1.1309517947680707,3.3880750651083353,0,2.4848677247443236,1.7845925581448552,2.4107546389450354,1.0767179410273764,2.680818322354734,0,0,2.0691762886706826,1.5665591436399051,1.8090043364588997,0.959333903362654,2.481029434797564,0,0.7219433626160026,0.013870718888938427,0.9751449394971132,0,0.7219433626160026,0.013870718888938427,0.9751449394971132,0.9999991333466779,0.0630487222224474,0.9999991517236909
Copper,6,ALL,2,0.1,0.04794004064066532,0.00018166316416090697,0.0513408,-6.623892419546785,7.791964401918469,6.454364350422205,5.074210306830378,5.802192380231528,8.601527833015023,0,6.876574213966592,6.351583115796965,4.621289582841389,4.537246202164234,7.582280449005676,0,0,7.553133936616567,6.6564250879854505,4.529654317298272,5.061339613936421,8.336814549222058,0,0.19652509037405252,0.3277192125096917,0.15919804014265537,0,0.19652509037405252,0.3277192125096917,0.15919804014265537,0.5459030288168126,0.5650331250167099,0.568564429080912
Copper,6,ALL,3,0.3162,0.04794004064066532,0.00018166316416090697,0.0513408,-6.623892419546785,24.93057289297003,21.181179186931363,17.691253224647422,14.243200997555586,34.79642374631803,0,24.441203850195603,22.024190544995307,21.654095202791883,8.196056348459736,25.556252977122824,0,0,25.384115596992654,19.895153245678838,18.49528339870476,14.015677969046084,30.456098871601917,0,0.39607954677194357,0.5564025957137346,0.30600280687212944,0,0.39607954677194357,0.5564025957137346,0.30600280687212944,0.8251657224415492,0.7727813829357426,0.8010317548178136
Copper,6,ALL,4,0.5623,0.04794004064066532,0.00018166316416090697,0.0513408,-6.623892419546785,40.58424827755851,24.333656183731314,32.779676657348915,18.263119186275816,55.6807597914181,0,51.49032799053937,42.65165466702444,38.86674950862792,27.217158131466444,61.09210095678416,1,0,45.33898305482936,32.94416505282901,36.24120005400885,20.845104801317717,54.64214056878677,0,0.9901695922017097,0.6271726628765464,0.9598363190889359,1,0.9827331658452749,0.6271726628765464,0.9342046566307545,0.9999991333466779,0.8030418958514929,0.9999991517236909
Brass,5,5,0,0.0,0.046021358215670466,0.00018046932023248972,0.04845000000000001,-5.012676541443841,1.3583167142294885,1.2102932757485172,0.37961232257073335,1.2092854857567812,1.2131790358453356,0,0.04187494142887297,0.04187494142887295,2.0816681711721685e-17,0.04187494142887295,0.04187494142887295,0,0,1.0785044982753258,1.0307618364605071,0.07917234404919005,1.0307616955575183,1.030762257206995,0,8.66653322099553e-07,5.122274160385132e-08,8.223651619776366e-07,0,8.66653322099553e-07,5.122274160385132e-08,8.223651619776366e-07,5.4165832631222064e-06,5.122274160385132e-07,4.8147406783308504e-06
Brass,5,5,1,0.0316,0.046021358215670466,0.00018046932023248972,0.04845000000000001,-5.012676541443841,3.8053950447132503,3.076097048641503,3.061843919775742,2.289391262672537,4.093258448242084,0,3.8603748832447535,3.17458319982129,2.6844905366914094,2.1963216982943328,4.630869316729269,0,0,3.672588853159404,3.087370410165902,2.8119523972353857,2.0753872594085294,4.374797681679619,0,0.4276358615607023,0.41178847197443247,0.6039204532280564,0,0.4276358615607023,0.41178847197443247,0.6039204532280564,0.8552717231214046,0.6434194874600507,0.9999991517236909
Brass,5,5,2,0.1,0.046021358215670466,0.00018046932023248972,0.04845000000000001,-5.012676541443841,10.70920157408774,8.625899396747005,6.253485013893807,6.577062473841759,13.296402494210732,0,10.382999520730458,9.817772470808377,6.100829333113229,6.896510007471807,13.29406323275013,0,0,9.468306214880528,8.186365908354869,6.211550539156634,6.256072028110678,13.288719283600706,0,0.3651709984987974,0.03333235438913107,0.5882115280255675,0,0.3651709984987974,0.03333235438913107,0.5882115280255675,0.7938499967365161,0.11110784796377024,0.9999991517236909
Brass,5,5,3,0.3162,0.046021358215670466,0.00018046932023248972,0.04845000000000001,-5.012676541443841,26.87802729925671,23.52941123452626,22.22177245775243,9.608188834223903,29.579537022274394,0,27.417907165268197,20.582155782847913,20.454760893795875,14.721225675542325,28.78642043332025,0,0,31.167193537130352,17.205232767469717,30.177871732126324,12.194083409924898,34.46431880523293,0,0.6795872980728745,0.8935335734859109,0.2712639691308141,0,0.6795872980728745,0.8935335734859109,0.2712639691308141,0.9999991333466779,1.0,0.7535110253633724
Brass,5,5,4,0.5623,0.046021358215670466,0.00018046932023248972,0.04845000000000001,-5.012676541443841,40.690498661638344,38.503090174150174,31.051709006012345,18.836297390249598,51.72714629847223,0,47.227977369272516,39.67194332060065,33.36036178704145,23.103307080536528,59.45795707541832,0,0,57.41314176128378,53.27340229160181,35.23846313702939,34.149078118681174,84.02324335095616,0,0.9298584796488285,0.9738683262839913,0.09198454674333334,0,0.9298584796488285,0.9738683262839913,0.09198454674333334,0.9999991333466779,1.0,0.38326894476388895
Brass,6,ALL,0,0.0,0.046021358215670466,0.00018046932023248972,0.04845000000000001,-5.012676541443841,1.2007868615614106,1.2011219820887828,0.01281050567222596,1.196747404528269,1.206687087464835,0,0.0,0.0,0.0,0.0,0.0,0,0,1.1965006210875668,1.19650059319147,1.2113702325004408e-06,1.1965004625468172,1.196500668690808,0,9.313225746154785e-10,0.06736754160374403,9.313225746154785e-10,0,9.313225746154785e-10,0.06736754160374403,9.313225746154785e-10,9.313225746154785e-09,0.2105235675117001,2.3283064365386963e-08
Brass,6,ALL,1,0.0316,0.046021358215670466,0.00018046932023248972,0.04845000000000001,-5.012676541443841,2.9400042335577763,2.5737562349294247,2.3302016773966314,1.436693445317001,3.456668850198776,0,3.0319902039618976,2.5786249509101413,2.2698899140475564,1.4619744155925405,3.6250966557145725,0,0,2.8209734735475234,2.5816805241040495,2.3718424307821246,1.3761092251988338,3.4685871792039773,0,0.6271726628765464,0.342523536644876,0.7486194763332605,0,0.6271726628765464,0.342523536644876,0.7486194763332605,0.9999991333466779,0.5708725610747933,0.9999991517236909
Brass,6,ALL,2,0.1,0.046021358215670466,0.00018046932023248972,0.04845000000000001,-5.012676541443841,8.338817212114664,7.679094406056375,7.307880593885643,3.245466018316203,9.1705305047903,0,7.819720102710247,6.535215553316764,6.040067140692425,4.2285606135151825,8.110136261251814,0,0,7.6426158971201374,7.0328427195914,5.600939728597852,5.2160754665436775,8.289723669672984,0,0.3575664833188057,0.08859635517001152,0.6348290015012026,0,0.3575664833188057,0.08859635517001152,0.6348290015012026,0.7938499967365161,0.2331483030789777,0.9999991517236909
Brass,6,ALL,3,0.3162,0.046021358215670466,0.00018046932023248972,0.04845000000000001,-5.012676541443841,31.867063981152626,24.858996085441152,23.554526541138998,15.918623943692893,35.59671062640612,0,36.69608964718226,25.638694211663882,27.955700442123224,21.954628166036386,39.20759045185518,0,0,34.345692710681334,34.72231118534735,21.320160637817114,24.261683681702234,39.96148788462541,0,0.9429116630926728,0.6424335166811943,0.564396102912724,0,0.9429116630926728,0.6424335166811943,0.564396102912724,0.9999991333466779,0.8030418958514929,0.9999991517236909
Brass,6,ALL,4,0.5623,0.046021358215670466,0.00018046932023248972,0.04845000000000001,-5.012676541443841,40.22004736046322,35.250496314425845,28.781254883782957,22.04879954207872,53.52081821099285,0,48.99769643777472,50.671834334645496,31.18070823607105,34.80814905781697,58.58182544154271,0,0,48.915850074333974,26.904044597831422,37.29509875996041,20.83992656040714,74.384256574716,0,0.932632458396256,0.8857235889881849,0.4196963720023632,0,0.932632458396256,0.8857235889881849,0.4196963720023632,0.9999991333466779,1.0,0.999277076196103
Steel,5,5,0,0.0,0.050625433626277104,9.07551319336505e-05,0.046629,8.570704124637258,1.2420068672395908,1.6952619682946488,0.781538436413731,0.3761378544381738,1.82858022780947,0,0.8622504549189967,0.8622504549189969,2.220446049250313e-16,0.8622504549189969,0.8622504549189969,0,0,0.00829852624827367,0.008298517966970387,2.505994271740827e-07,0.008298451122967794,0.008298616666507552,0,0.0013831602409482002,9.313225746154785e-10,0.9999991517236909,0,0.0013831602409482002,9.313225746154785e-10,0.9999991517236909,0.006915801204741001,1.1641532182693481e-08,0.9999991517236909
Steel,5,5,1,0.0316,0.050625433626277104,9.07551319336505e-05,0.046629,8.570704124637258,1.3287158678711508,1.022222965280346,0.9826896964328915,0.7872408136458062,1.633569035373646,0,1.5334510648155026,1.5746316104541047,1.0260477949239974,0.9959545443855802,2.0421764038213213,0,0,1.1905013147350259,0.9972006042647013,0.6253676803450144,0.833237899575376,1.2738783131175606,0,0.8034749096259475,0.14942207373678684,0.9650535443797708,0,0.8034749096259475,0.14942207373678684,0.9650535443797708,0.9999991333466779,0.331662583630532,0.9999991517236909
Steel,5,5,2,0.1,0.050625433626277104,9.07551319336505e-05,0.046629,8.570704124637258,4.061052384012916,3.5191090293401723,2.678555677520785,2.512526630396173,4.836462390223593,0,4.457398940942605,4.237400487743642,3.0080329088503217,2.792143249146279,5.050149978365952,0,0,3.945314817479144,3.660254130491996,2.272167593304492,2.7024636632897656,4.50285140608675,0,0.8644971856847405,0.4039152078330517,0.8689388632774353,0,0.8644971856847405,0.4039152078330517,0.8689388632774353,0.9999991333466779,0.6434194874600507,0.9999991517236909
Steel,5,5,3,0.3162,0.050625433626277104,9.07551319336505e-05,0.046629,8.570704124637258,11.366400228858518,8.498503605175241,9.314111503725941,6.5901725993309626,12.451380907087561,0,13.782721168958615,9.973503814801521,13.411949931618938,6.056343524304945,16.39342863203578,0,0,11.058126574145856,9.856186297075048,8.575201684908697,5.2342495421662525,13.675441964908373,0,0.830629107542336,0.25138052366673946,0.8091007824987173,0,0.830629107542336,0.25138052366673946,0.8091007824987173,0.9999991333466779,0.4655194882717397,0.9999991517236909
Steel,5,5,4,0.5623,0.050625433626277104,9.07551319336505e-05,0.046629,8.570704124637258,24.587410976532674,20.792534302423743,17.595650271860244,11.715520039432441,29.575958757629955,0,31.464607889189015,27.17559173169922,24.979596840632052,17.163891914697693,35.291244368067396,0,0,21.913015470284414,15.497471471465103,17.571856171693916,13.309564868987916,28.31897331605297,0,0.9751449394971132,0.022453604266047478,0.9931683791801333,0,0.9751449394971132,0.022453604266047478,0.9931683791801333,0.9999991333466779,0.08636001640787491,0.9999991517236909
Steel,16,ALL,0,0.0,0.050625433626277104,9.07551319336505e-05,0.046629,8.570704124637258,0.59876640907039,0.3381825304377627,0.6743305691536787,0.2887000612169863,0.4288360034938047,0,0.0,0.0,0.0,0.0,0.0,0,0,0.7240862833818331,0.724086514734812,2.5415136794089957e-06,0.724086514734812,0.724086514734812,0,9.313225746154785e-10,0.9912731656804681,5.073092867588915e-07,0,9.313225746154785e-10,0.9912731656804681,5.073092867588915e-07,9.313225746154785e-09,1.0,4.8147406783308504e-06
Steel,16,ALL,1,0.0316,0.050625433626277104,9.07551319336505e-05,0.046629,8.570704124637258,1.4050540748852343,1.479695733365177,1.0211624967609707,0.6968716694743958,1.7424910970772132,0,0.8465298476867034,0.7784879679487495,0.6236750940475813,0.44717016342697974,1.0759055274621872,0,0,1.4155420661396556,1.4383411899584868,0.9280721608866831,0.7550001051217488,1.73465490183591,0,0.008215606212615967,0.619467263109982,0.0016114944592118263,0,0.008215606212615967,0.619467263109982,0.0016114944592118263,0.03734366460279985,0.8030418958514929,0.008057472296059132
Steel,16,ALL,2,0.1,0.050625433626277104,9.07551319336505e-05,0.046629,8.570704124637258,3.0198302841939464,2.5494076082732686,2.4461990309631703,1.6267734282169224,3.9971121103294522,0,3.2045730385918416,2.1927437077366356,2.4968756772406335,1.442654397705891,4.950357237421687,0,0,2.7058585228426653,2.482943830574658,1.9104476140960904,1.6658169225259085,3.02401658952979,0,0.7420757785439491,0.23227252252399921,0.8034749096259475,0,0.7420757785439491,0.23227252252399921,0.8034749096259475,0.9999991333466779,0.4466779279307677,0.9999991517236909
Steel,16,ALL,3,0.3162,0.050625433626277104,9.07551319336505e-05,0.046629,8.570704124637258,10.729980248057547,10.088986788889605,6.947015071935663,5.964107408488021,14.459425793252391,0,11.906940681881382,9.489415029515335,10.045182240105005,5.780209158537174,15.324896441297918,0,0,9.063422131377063,8.285417983282912,6.754114510466627,4.890826199981383,10.7197357218528,0,0.6649097055196762,0.02884396445006132,0.9751449394971132,0,0.6649097055196762,0.02884396445006132,0.9751449394971132,0.9999991333466779,0.10301415875021899,0.9999991517236909
Steel,16,ALL,4,0.5623,0.050625433626277104,9.07551319336505e-05,0.046629,8.570704124637258,12.847033640733207,9.72109948098897,11.213739597943,6.006310985274914,14.317296515801026,0,17.08324435585599,16.902054056372172,12.17466733927136,6.603641790698837,21.076301278633437,0,0,12.451079180861907,8.040417700558056,12.594049959902367,5.4264802197686715,11.060346280628918,0,0.9210261628031731,0.435603897087276,0.9298584796488285,0,0.9210261628031731,0.435603897087276,0.9298584796488285,0.9999991333466779,0.6600059046776908,0.9999991517236909
Lead,5,5,0,0.0,0.11643281492623249,0.00014026643818665886,0.1248534,-6.744377865374522,1.3750628122212227,1.3760083768030253,0.0037686986279237885,1.3741782518059873,1.3765874897828576,0,0.4586963373393348,0.4586963373393348,0.0,0.4586963373393348,0.4586963373393348,0,0,1.2851044945141743,1.2851044888218628,2.704169523137397e-08,1.2851044888218628,1.2851044888218628,0,8.661081165720568e-07,8.661081165720568e-07,1.3078991161591537e-07,0,8.661081165720568e-07,8.661081165720568e-07,1.3078991161591537e-07,5.4165832631222064e-06,7.217567638100473e-06,2.1798318602652562e-06
Lead,5,5,1,0.0316,0.11643281492623249,0.00014026643818665886,0.1248534,-6.744377865374522,2.113226220467649,2.238930768011231,1.2154524935352187,1.56622865131144,2.515427562459041,0,1.786198992302956,1.3485256592001607,1.230449886822899,1.1235812863609593,2.4189942377323055,0,0,1.8862033656115138,2.004658227571247,0.9887340008683441,1.270653433159908,2.3815731772776445,0,0.09546476043760777,0.018217498436570168,0.32041270192712545,0,0.09546476043760777,0.018217498436570168,0.32041270192712545,0.2807787071694346,0.07590624348570904,0.8010317548178136
Lead,5,5,2,0.1,0.11643281492623249,0.00014026643818665886,0.1248534,-6.744377865374522,3.9202608436556265,3.159458787378308,2.872932374787776,2.4058777396726945,4.111240684028196,0,4.0835077318239765,3.3253304325193977,2.817525946735916,2.4608349169914385,5.69791098335186,0,0,3.2285163002262953,2.358089369726602,2.706367985570484,1.738722547185165,4.168161047702828,0,0.564396102912724,0.002888246439397335,0.940461715683341,0,0.564396102912724,0.002888246439397335,0.940461715683341,0.9999991333466779,0.016045813552207418,0.9999991517236909
Lead,5,5,3,0.3162,0.11643281492623249,0.00014026643818665886,0.1248534,-6.744377865374522,11.569127276629606,9.472655853236141,8.116290020699259,6.572765946093702,14.759702881585765,0,15.839475575629699,15.520575053082123,10.02606739887192,8.85484887249923,19.465739286563853,0,0,11.128156676713186,9.205062218833639,9.151927424967946,4.701887326968125,14.000018778201174,0,0.9861292811110616,0.2918785363435745,0.985337071120739,0,0.9861292811110616,0.2918785363435745,0.985337071120739,0.9999991333466779,0.5212116720420973,0.9999991517236909
Lead,5,5,4,0.5623,0.11643281492623249,0.00014026643818665886,0.1248534,-6.744377865374522,21.145081679349694,19.159517803127716,16.144321415127546,10.013928861197755,24.86861992373315,0,30.20509291169697,21.070366042116753,21.32970157447012,18.110919385619685,39.384099248751625,0,0,20.074351827497672,15.367195871312147,17.78425457189413,5.795625630961673,29.62580241958282,0,0.9882949283346534,0.154260384850204,0.9763704752549529,0,0.9882949283346534,0.154260384850204,0.9763704752549529,0.9999991333466779,0.331662583630532,0.9999991517236909
Lead,16,ALL,0,0.0,0.11643281492623249,0.00014026643818665886,0.1248534,-6.744377865374522,1.0036984551299142,1.0069022403811396,0.013067619538666728,1.0036099350980061,1.0083803382753818,0,0.0,0.0,0.0,0.0,0.0,0,0,0.9339408010096414,0.9339408755434984,5.10144782738311e-07,0.9339407954383158,0.9339409523225086,0,9.313225746154785e-10,9.313225746154785e-10,8.66653322099553e-07,0,9.313225746154785e-10,9.313225746154785e-10,8.66653322099553e-07,9.313225746154785e-09,1.1641532182693481e-08,4.8147406783308504e-06
Lead,16,ALL,1,0.0316,0.11643281492623249,0.00014026643818665886,0.1248534,-6.744377865374522,1.1045736329408926,0.8558745923648912,0.8439327046346439,0.36520666449655376,1.5663413764949992,0,1.035456344704349,0.996377255874805,0.689888630480733,0.6729558169615528,1.3657736440595714,0,0,0.9706706781346043,0.6396813907753311,0.8595582443963736,0.3999125053642997,1.0483633264559913,0,0.3350902944803238,0.0729997456073761,0.6722807874903083,0,0.3350902944803238,0.0729997456073761,0.6722807874903083,0.7938499967365161,0.21095405487964553,0.9999991517236909
Lead,16,ALL,2,0.1,0.11643281492623249,0.00014026643818665886,0.1248534,-6.744377865374522,3.124660961510847,2.034373447852942,2.427730211514372,1.6322578715806306,3.8674821123072998,0,2.6566209452587968,1.7027350676615087,2.5994170264847773,0.8247310522473382,2.9714113229800425,0,0,2.3416317529056085,2.1513813939869535,1.8249149893527992,0.9943201272626333,2.7000622162733077,0,0.07594345975667238,0.0010100910440087318,0.7420757785439491,0,0.07594345975667238,0.0010100910440087318,0.7420757785439491,0.2531448658555746,0.006313069025054574,0.9999991517236909
Lead,16,ALL,3,0.3162,0.11643281492623249,0.00014026643818665886,0.1248534,-6.744377865374522,7.347264015942281,6.448233516784574,4.629780711244394,4.898072851024054,9.023292976559523,0,11.927062347886025,10.931772581973922,7.2081344614986875,8.647250295463671,13.818649860265673,0,0,6.864928949586532,6.85538840466619,4.7797097476206245,4.361035470050018,8.171845847779954,0,0.9994809152558446,0.09903789963573217,0.9996667234227061,0,0.9994809152558446,0.09903789963573217,0.9996667234227061,0.9999991333466779,0.24759474908933043,0.9999991517236909
Lead,16,ALL,4,0.5623,0.11643281492623249,0.00014026643818665886,0.1248534,-6.744377865374522,11.183303865555292,10.251301192544371,6.636910766731772,8.324425191632844,13.375769295660952,0,19.79672167622256,21.74301705336334,12.883513607118836,11.497945644199056,24.583250459199174,0,0,14.296817232701239,12.672972216143208,10.986106001140186,10.21127590440183,16.048498589601223,0,0.9988162526860833,0.8599566090852022,0.9931683791801333,0,0.9988162526860833,0.8599566090852022,0.9931683791801333,0.9999991333466779,1.0,0.9999991517236909
