material,N_actual,N_label,noise_tier,noise_std,pinn_rpe_mean,pinn_rpe_median,pinn_rpe_std,pinn_outliers,wnlls_rpe_mean,wnlls_rpe_median,wnlls_rpe_std,wnlls_failures,wnlls_outliers,gp_rpe_mean,gp_rpe_median,gp_rpe_std,gp_outliers,pval_wnlls_vs_pinn,excl_wnlls_vs_pinn,pval_gp_vs_pinn,excl_gp_vs_pinn,pval_wnlls_vs_gp,excl_wnlls_vs_gp
Aluminum,5,5,0,0.0,0.03926073395001864,0.03902632700889764,0.002361673553419432,0,0.10300556449120594,0.10300556449120597,2.7755575615628914e-17,0,0,0.8631241635410016,0.8631241635410014,2.220446049250313e-16,0,0.999999135525782,0,0.999999135525782,0,2.160231528913744e-08,0
Aluminum,5,5,1,0.0316,3.3538300467258604,2.601840043394947,2.4932448897541075,0,3.442572838615249,2.9347024918698095,2.5221239054398445,0,0,3.304196112865556,2.5991204202219143,2.2966471916669673,0,0.467699334025383,0,0.45964826364070177,0,0.7219433626160026,0
Aluminum,5,5,2,0.1,11.040956290824509,8.325842928608452,8.920742134049016,0,10.80909483244138,10.875298728003035,8.218137641653792,0,0,11.160315916967663,8.252208371452394,8.89833278166246,0,0.39607954677194357,0,0.5161632113158703,0,0.23227252252399921,0
Aluminum,5,5,3,0.3162,38.027392356418794,31.169246491532036,25.68960850279118,0,31.916872165238342,27.82019880353983,22.774425452601264,0,0,39.1066684392451,37.35421385195891,27.440571430982683,0,0.0033197682350873947,0,0.4435974042862654,0,0.07897383719682693,0
Aluminum,5,5,4,0.5623,175.13033643262557,66.25151276306583,356.74153704476527,3,50.158346282327955,40.714085859565316,35.94316006580502,1,0,297.6214002315626,59.759135031449986,728.894618890384,3,0.02156027965247631,1,0.6039204532280564,0,0.019315840676426888,1
Aluminum,13,ALL,0,0.0,0.322080343121438,0.3219214796494935,0.036010825987532004,0,0.5562179699944906,0.5562179699944906,0.0,0,0,0.02733375263238488,0.027333752632384873,6.938893903907228e-18,0,1.0,0,9.313225746154785e-10,0,0.9999999783976847,0
Aluminum,13,ALL,1,0.0316,2.8840000634592236,2.1614041918080646,2.3175644980891104,0,2.4351164053030527,2.4337258674212787,1.7307946021777558,0,0,2.2721225571020054,1.9032836231714216,1.8198730062305655,0,0.1853703036904335,0,0.08859635517001152,0,0.7150712013244629,0
Aluminum,13,ALL,2,0.1,7.848105270793257,6.15962082559466,6.68441951997087,0,6.532001591188061,5.688942308198357,5.120447390600269,0,0,6.366205088229539,4.485198226654615,5.52585122826475,0,0.17460568994283676,0,0.09198454674333334,0,0.532300665974617,0
Aluminum,13,ALL,3,0.3162,25.80401965090903,21.345332131820005,25.98211971392061,0,19.387103450132333,16.283380050499527,13.092305878557063,0,0,31.429571360786415,19.00103771053066,28.94609861230354,0,0.10646642651408911,0,0.9114036448299885,0,0.0025063063949346542,0
Aluminum,13,ALL,4,0.5623,160.49726483201738,98.52177788881629,239.36201089718165,5,45.52124188811754,36.847332032334826,33.78328477443735,1,0,203.70499811991297,88.60468875912264,409.15128012418495,4,0.00033438391983509064,1,0.6868268558755517,0,0.0009081698954105377,1
Copper,5,5,0,0.0,0.08390997745839668,0.08420383438367521,0.0017261118753010205,0,0.11796729993257568,0.11796729993257565,2.7755575615628914e-17,0,0,0.036651476129240385,0.036651476129240385,0.0,0,1.0,0,9.313225746154785e-10,0,0.9999999783976847,0
Copper,5,5,1,0.0316,2.6665579295394193,2.263158691848942,2.006241309041989,0,3.0039894951392077,2.6633128618374657,2.296181932715424,0,0,2.6361506310925424,2.3465912592485543,1.9380922155785394,0,0.9114036448299885,0,0.21397730335593224,0,0.9429116630926728,0
Copper,5,5,2,0.1,8.99523577320277,6.2963522028622005,7.162661704096193,0,9.427408883646619,9.79355130361799,7.282836485252477,0,0,9.243039748915765,7.126067238792507,7.400389859177706,0,0.7081214636564255,0,0.7287360308691859,0,0.5483867637813091,0
Copper,5,5,3,0.3162,30.46935147340655,24.800184320495884,21.717545699203875,0,28.07115672573788,23.694355835303547,19.80760109065286,0,0,34.98066581129164,35.13733897821264,24.05811306264509,0,0.027460814453661442,0,0.8091007824987173,0,0.013870718888938427,0
Copper,5,5,4,0.5623,145.51045893426968,53.36297241603855,329.40533528825495,3,46.207662516044756,37.16299855518685,32.075452063653266,0,0,268.74792127429197,91.99478807096031,648.6122667053047,3,0.09198454674333334,0,0.8253943100571632,0,0.011049427092075348,0
Copper,6,ALL,0,0.0,0.03925513673548738,0.03900096216640268,0.0020695651690655317,0,0.1303078568551976,0.1303078568551976,0.0,0,0,0.006832540953038404,0.006832540953038406,1.734723475976807e-18,0,0.9999991333466779,0,8.666533220995528e-07,0,0.9999999783976847,0
Copper,6,ALL,1,0.0316,3.0594372626485162,2.796964191197592,2.4866589410510604,0,2.796300567211344,2.516556899350128,2.2375176562834644,0,0,2.9879735263346077,2.9622212476317857,2.1905431209302066,0,0.1310611367225647,0,0.1908992175012827,0,0.30600280687212944,0
Copper,6,ALL,2,0.1,7.483769143749326,6.72879765370277,5.176550141224658,0,8.197147165627934,7.239710788650875,5.68672918527018,0,0,7.079381839861766,7.054009839840306,4.4196149169093255,0,0.6649097055196762,0,0.09903789963573217,0,0.9579672608524561,0
Copper,6,ALL,3,0.3162,26.176755015164535,19.56442146474432,22.03460070378674,0,26.93535542845927,18.768843136104756,22.18881376097822,0,0,24.249598002009247,18.04720383598574,19.024522816256148,0,0.8146296963095665,0,0.08529919758439064,0,0.8200610363855958,0
Copper,6,ALL,4,0.5623,153.84784236938773,91.44716288978918,258.5376520489518,5,44.121509856133606,35.60322457991926,25.56280046691236,2,0,187.28354443956187,60.76128401771805,410.32042336579474,4,0.0011169612407684326,2,0.5,0,0.012374557554721832,2
Brass,5,5,0,0.0,0.2623900909610622,0.2625981534116849,0.001020827789529419,0,0.8878849113851346,0.8878849113851343,3.3306690738754696e-16,0,0,0.11019991393822667,0.1101999139382267,2.7755575615628914e-17,0,1.0,0,9.313225746154785e-10,0,0.9999999783976847,0
Brass,5,5,1,0.0316,2.781259786570994,2.2745232671408027,2.1077678388801933,0,3.2159611781126154,2.3457668812943,2.5889661688614276,0,0,2.766619523456287,2.4108446900881138,2.0365868684230812,0,0.9114036448299885,0,0.2849287986755371,0,0.8972951536998153,0
Brass,5,5,2,0.1,9.511917498558528,6.676029238956039,7.562301297870045,0,9.658752693156812,9.627318405936041,7.657052749057975,0,0,9.880558624085612,7.47174524773558,7.789668454768952,0,0.45161323621869087,0,0.7420757785439491,0,0.22608217131346464,0
Brass,5,5,3,0.3162,32.036978066223426,26.582593473759413,22.841622537594482,0,29.45266524337023,24.55558773648914,20.917859584979592,0,0,37.18833331188561,38.61962526533287,25.180127040208852,0,0.022453604266047478,0,0.8599566090852022,0,0.011049427092075348,0
Brass,5,5,4,0.5623,152.36811439598804,56.20919678065492,346.49718480299896,3,48.78281906420987,39.08525667326707,33.08858094562545,0,0,282.6351734387009,96.21863902170455,681.1374763446227,3,0.08529919758439064,0,0.8146296963095665,0,0.009264740161597729,0
Brass,6,ALL,0,0.0,0.1177417528248977,0.1175971439750539,0.0022345587955016014,0,0.930149352310488,0.9301493523104883,3.3306690738754696e-16,0,0,0.2774812808483461,0.2774812808483461,0.0,0,0.9999991333466779,0,0.9999991333466779,0,0.9999999783976847,0
Brass,6,ALL,1,0.0316,3.236032762235879,2.9202817676937904,2.6169716031981305,0,3.071302251616435,2.6474912186472643,2.3748660141879334,0,0,3.125285045947438,2.9648545664900583,2.2990922921151213,0,0.32041270192712545,0,0.09903789963573217,0,0.532300665974617,0
Brass,6,ALL,2,0.1,7.866693135506186,6.933840834087931,5.472140900196825,0,8.751831608945116,7.843836379004198,6.173232477566145,0,0,7.396887940230177,7.578141603623932,4.648648319217286,0,0.7486194763332605,0,0.08859635517001152,0,0.9797551389783621,0
Brass,6,ALL,3,0.3162,27.48889364729283,20.55984255538143,23.17889502744507,0,28.37566547544575,19.810058541346805,23.56686717032544,0,0,25.839530082913363,19.330595684182107,19.953798651915353,0,0.7677274774760008,0,0.10646642651408911,0,0.7977527482435107,0
Brass,6,ALL,4,0.5623,160.723592865127,95.15573787885248,274.2913680494077,5,44.25276013478618,37.24357210863712,25.03415183201369,3,0,195.88079821486755,66.31298849395458,431.31884429680184,4,0.0012343451380729675,3,0.5161632113158703,0,0.016997382044792175,3
Steel,5,5,0,0.0,1.430646959026152,1.430904547321644,0.001609807870394329,0,2.1516643632001773,2.1516643632001777,4.440892098500626e-16,0,0,1.2924380634620527,1.2924380634620531,4.440892098500626e-16,0,0.9999991333466779,0,8.666533220995528e-07,0,0.9999999783976847,0
Steel,5,5,1,0.0316,1.4330820904439647,1.3071677487227866,1.0464460494922945,0,2.246710830993652,2.316484362374385,1.4132124192595825,0,0,1.430338169760304,1.453912161861874,1.006474037807386,0,0.9998099533841014,0,0.5,0,0.9996010512113571,0
Steel,5,5,2,0.1,3.9408638818918167,3.4479371062742015,2.983732912599201,0,5.178292772045077,4.22864065417008,3.739707968158774,0,0,3.9556792172964976,3.5929260571220354,2.873943471197599,0,0.9725391855463386,0,0.564396102912724,0,0.9697173843160272,0
Steel,5,5,3,0.3162,11.603824220162817,10.642265270158921,7.928201875718082,0,13.221844179239145,10.540882038477342,12.294751767269112,0,0,11.387354333207027,10.041085137463696,7.413666836431059,0,0.5882115280255675,0,0.154260384850204,0,0.5882115280255675,0
Steel,5,5,4,0.5623,61.71264571592462,22.034559144115736,111.41504503593228,3,20.751327804842436,16.02865621623143,17.707332739460366,0,0,113.64699259937262,21.704691788653207,279.2623525050494,3,0.09903789963573217,0,0.3131731441244483,0,0.14004339091479778,0
Steel,16,ALL,0,0.0,0.34619829824852016,0.34644450811366667,0.00284526514153768,0,1.3006285841649492,1.3006285841649494,2.220446049250313e-16,0,0,0.5859597458802964,0.5859597458802964,0.0,0,0.9999991333466779,0,0.9999991333466779,0,0.9999999783976847,0
Steel,16,ALL,1,0.0316,0.7630962916629886,0.46577277018910423,0.6348841419398986,0,1.3968411328696804,1.1257130813602982,0.9995193966574896,0,0,0.8172376453351212,0.6196163296916819,0.6971977493196074,0,0.9986168397590518,0,0.6039204532280564,0,0.99358313344419,0
Steel,16,ALL,2,0.1,2.2812673340253484,1.7142383571789739,1.7450807849509076,0,3.154807047316186,2.201059160836096,2.416706563375797,0,0,1.9463796359300107,1.1105699605577493,1.7132556569856043,0,0.9817825015634298,0,0.0026913899928331375,0,0.9953494388610125,0
Steel,16,ALL,3,0.3162,6.936772061761106,5.090784786023795,7.419514999055247,0,9.006342518120475,7.360476490893852,7.1887974903147835,0,0,7.3076363239152275,5.637933575544487,6.292343370673465,0,0.940461715683341,0,0.7354474077001214,0,0.9114036448299885,0
Steel,16,ALL,4,0.5623,40.89466195367924,16.97277119840455,48.12902252390362,0,15.172297780725994,12.991675483776616,8.417056217780932,0,0,59.27713227828742,17.920159445625416,146.26397122004113,1,0.03836060781031847,0,0.5242367628961802,0,0.013870718888938427,0
Lead,5,5,0,0.0,0.3431079375502136,0.3429028368106555,0.0013524945494179338,0,0.51855856628338,0.51855856628338,0.0,0,0,0.29981035539833045,0.2998103553983305,5.551115123125783e-17,0,0.9999991338918834,0,8.66108116572057e-07,0,0.9999999783976847,0
Lead,5,5,1,0.0316,1.2211121838493004,1.0361157072193374,0.9565055911631466,0,1.591894027041265,1.2271763018431519,1.1701015686908967,0,0,1.203239802818652,1.058974970272834,0.9572941681694306,0,0.9452839707955718,0,0.1310611367225647,0,0.9616393921896815,0
Lead,5,5,2,0.1,3.6824301832682234,3.1668390230448846,3.0238819898966773,0,5.069142932277714,4.477659743356988,3.8700316915237964,0,0,3.7007292105755627,2.761576588779327,3.1217265211602983,0,0.985337071120739,0,0.7420757785439491,0,0.9807907911017537,0
Lead,5,5,3,0.3162,13.085672628770112,10.277074218026648,8.820900322771445,0,14.345374299623552,11.655478206671376,12.717937336175623,0,0,13.005507669811438,11.849053445218377,8.48325435935243,0,0.5161632113158703,0,0.2849287986755371,0,0.5,0
Lead,5,5,4,0.5623,71.81373482585181,25.558858896702226,137.2547489891055,3,22.648555554876726,17.95081176523496,19.33107836143752,0,0,137.7290495107982,25.21803705160157,340.3237606538766,3,0.07594345975667238,0,0.5,0,0.10646642651408911,0
Lead,16,ALL,0,0.0,0.006186777047208006,0.006476368307696323,0.0012953520628853027,0,0.9727927389592061,0.9727927389592059,2.220446049250313e-16,0,0,0.04793720798487296,0.04793720798487294,1.3877787807814457e-17,0,0.9999991333466779,0,0.9999991333466779,0,0.9999999783976847,0
Lead,16,ALL,1,0.0316,0.7886630832143596,0.6177830715951149,0.6679466437588963,0,1.2282322319730203,0.9063501579642311,0.9613871435627308,0,0,0.7615253630629049,0.5660563771162281,0.6424098808740795,0,0.9797551389783621,0,0.0701415203511715,0,0.9907352598384023,0
Lead,16,ALL,2,0.1,2.311428748821222,1.44699944729205,2.078594598227596,0,3.2230489879924287,2.121775554880017,2.616698842015137,0,0,2.2538309289331298,1.3116726525786715,2.014212655836014,0,0.9836395503953099,0,0.2645525922998786,0,0.9797551389783621,0
Lead,16,ALL,3,0.3162,8.403557994776149,6.701946709789909,7.392925794241609,0,9.460798392450831,7.870321336181522,7.486587011782241,0,0,8.514833905359307,6.688301281776166,7.1895826996848315,0,0.7860226966440678,0,0.45964826364070177,0,0.7860226966440678,0
Lead,16,ALL,4,0.5623,49.60499525615307,21.48730699298321,58.974412511019096,1,16.25266339488296,13.37028069135442,9.15483684870652,0,0,75.35339845106095,21.66441120892233,197.97139846859602,1,0.02132585272192955,0,0.4838367886841297,0,0.0035557281225919724,0
